file,species
0021e90e4.png,Common Chickweed
003d61042.png,Loose Silky-bent
007b3da8b.png,Loose Silky-bent
0086a6340.png,Fat Hen
00c47e980.png,Fat Hen
00d090cde.png,Loose Silky-bent
00ef713a8.png,Fat Hen
01291174f.png,Loose Silky-bent
026716f9b.png,Loose Silky-bent
02cfeb38d.png,Loose Silky-bent
03566743d.png,Charlock
03a2ee656.png,Small-flowered Cranesbill
03e322a29.png,Small-flowered Cranesbill
03ef36742.png,Fat Hen
043449b0b.png,Loose Silky-bent
0437393b1.png,Fat Hen
04814f36d.png,Common Chickweed
05341a8a6.png,Fat Hen
060450d79.png,Fat Hen
060f1dc84.png,Common Chickweed
0625f063b.png,Fat Hen
063363305.png,Small-flowered Cranesbill
06d12f6fa.png,Small-flowered Cranesbill
071cb3ece.png,Loose Silky-bent
0751c0bbc.png,Fat Hen
07e62f903.png,Charlock
085974290.png,Common Chickweed
0885e7690.png,Small-flowered Cranesbill
089ad62a7.png,Small-flowered Cranesbill
08d591441.png,Fat Hen
0911d3dee.png,Fat Hen
099b961ec.png,Charlock
0a64e3e6c.png,Loose Silky-bent
0ad9e7dfb.png,Charlock
0ae6668fa.png,Loose Silky-bent
0bf7bfb05.png,Loose Silky-bent
0c27cf05f.png,Fat Hen
0c4199daa.png,Loose Silky-bent
0c45ace27.png,Fat Hen
0c51bf229.png,Charlock
0c5f6c493.png,Common Chickweed
0caeda5df.png,Loose Silky-bent
0d117d910.png,Common Chickweed
0d31e6602.png,Small-flowered Cranesbill
0dba99002.png,Loose Silky-bent
0e8492cb1.png,Common Chickweed
0ebf8f2f4.png,Charlock
0ee4ad224.png,Small-flowered Cranesbill
0f6cbe5e8.png,Charlock
0fb233ad6.png,Common Chickweed
115f93ecc.png,Loose Silky-bent
116b136de.png,Fat Hen
1191ba346.png,Common Chickweed
11d3f68ff.png,Loose Silky-bent
122913909.png,Charlock
12625488b.png,Loose Silky-bent
126a71ce0.png,Small-flowered Cranesbill
1312065a5.png,Small-flowered Cranesbill
1364b297a.png,Charlock
1376f3b63.png,Loose Silky-bent
13b9fa92d.png,Fat Hen
1459e96a0.png,Fat Hen
148bbda66.png,Charlock
14bb43eee.png,Loose Silky-bent
1541bdb2e.png,Charlock
1623fb9e1.png,Loose Silky-bent
16357b436.png,Loose Silky-bent
16467a950.png,Loose Silky-bent
165681fd9.png,Charlock
1694a70e4.png,Common Chickweed
16fd2e01a.png,Common Chickweed
172f9b10b.png,Fat Hen
17529c555.png,Common Chickweed
1758a1baf.png,Fat Hen
177d7e2a4.png,Fat Hen
17a78fb44.png,Loose Silky-bent
17d5e5ac4.png,Loose Silky-bent
1821eb11a.png,Common Chickweed
187668bde.png,Common Chickweed
1926e82fd.png,Loose Silky-bent
19618ad6a.png,Loose Silky-bent
19b51843a.png,Common Chickweed
19e58cc5e.png,Fat Hen
19fdf19fb.png,Loose Silky-bent
1b490196c.png,Small-flowered Cranesbill
1b6a6494d.png,Loose Silky-bent
1be0713da.png,Common Chickweed
1bf9b94a6.png,Common Chickweed
1c52ea820.png,Loose Silky-bent
1c680883c.png,Loose Silky-bent
1cfd91582.png,Charlock
1d0cbd819.png,Fat Hen
1d321253f.png,Fat Hen
1d48b7564.png,Fat Hen
1d56351b2.png,Charlock
1dc7c45df.png,Loose Silky-bent
1e095a7e1.png,Fat Hen
1f290e016.png,Common Chickweed
1f3f44563.png,Charlock
1f5e5554e.png,Small-flowered Cranesbill
1fefb54b7.png,Fat Hen
205df1df3.png,Fat Hen
20817c846.png,Common Chickweed
20e562fd5.png,Loose Silky-bent
20ea96bcc.png,Loose Silky-bent
20f983a71.png,Fat Hen
2126dc71b.png,Loose Silky-bent
219fd68d5.png,Small-flowered Cranesbill
223e4af09.png,Fat Hen
22e79540f.png,Charlock
22fbf13d6.png,Loose Silky-bent
239bdf640.png,Small-flowered Cranesbill
23bc8ec4f.png,Fat Hen
23e480e64.png,Common Chickweed
2406d6c99.png,Small-flowered Cranesbill
241e6935a.png,Loose Silky-bent
248436078.png,Small-flowered Cranesbill
24a058589.png,Charlock
24c94a6ca.png,Fat Hen
24d36c52c.png,Loose Silky-bent
24d78df74.png,Loose Silky-bent
24dbc3b21.png,Fat Hen
258b1183c.png,Charlock
25a4c427e.png,Loose Silky-bent
25cf6eb73.png,Charlock
25fa8d109.png,Loose Silky-bent
26852751a.png,Small-flowered Cranesbill
2693e5c65.png,Charlock
26e7ae885.png,Common Chickweed
270b939cf.png,Fat Hen
279df95f2.png,Fat Hen
288564c76.png,Fat Hen
29bab7cad.png,Fat Hen
29ce426a1.png,Common Chickweed
29f49cd0b.png,Loose Silky-bent
2a5064f19.png,Loose Silky-bent
2a667e099.png,Fat Hen
2b55a2da2.png,Charlock
2bd74d2da.png,Loose Silky-bent
2d5058a59.png,Fat Hen
2d992d1fb.png,Loose Silky-bent
2d9c798f9.png,Common Chickweed
2dd5cfba9.png,Charlock
2df78338c.png,Fat Hen
2e86f1085.png,Fat Hen
2ea664465.png,Loose Silky-bent
2f0004a7f.png,Loose Silky-bent
2f246d688.png,Small-flowered Cranesbill
2ff5cb348.png,Loose Silky-bent
30ad31220.png,Charlock
3185294c8.png,Fat Hen
31f3dd81f.png,Loose Silky-bent
31fcdc161.png,Charlock
3281183f9.png,Fat Hen
32a8c8a1d.png,Loose Silky-bent
32b42c120.png,Fat Hen
32c86784b.png,Common Chickweed
33317fc2a.png,Fat Hen
33448fe39.png,Loose Silky-bent
33748968f.png,Small-flowered Cranesbill
338c7e907.png,Small-flowered Cranesbill
34dd57ca9.png,Loose Silky-bent
3526b05cc.png,Common Chickweed
35a90f8d0.png,Fat Hen
35cf9fa01.png,Small-flowered Cranesbill
35ebe165c.png,Loose Silky-bent
36839d5e9.png,Common Chickweed
36d62bf36.png,Loose Silky-bent
36ed4f215.png,Common Chickweed
37297a64c.png,Fat Hen
37714071b.png,Common Chickweed
377283a21.png,Charlock
37c3108d6.png,Charlock
37e545a60.png,Fat Hen
3827436f3.png,Fat Hen
38c054379.png,Fat Hen
391dcd7fd.png,Loose Silky-bent
39858776a.png,Common Chickweed
39b740f7e.png,Loose Silky-bent
39c8fde99.png,Loose Silky-bent
39d569be4.png,Loose Silky-bent
3a909ead8.png,Common Chickweed
3abb502fb.png,Loose Silky-bent
3b73c3b61.png,Fat Hen
3bbef3ecb.png,Fat Hen
3d38a87bc.png,Common Chickweed
3d65168c2.png,Fat Hen
3d67c434b.png,Small-flowered Cranesbill
3da774107.png,Fat Hen
3dd52bd2a.png,Common Chickweed
3e9f41817.png,Loose Silky-bent
3ebbe9ca4.png,Charlock
3eda9cbb6.png,Common Chickweed
3edf5e9ef.png,Loose Silky-bent
3eebd36c6.png,Charlock
3efa1f66c.png,Loose Silky-bent
3f64c2c1b.png,Loose Silky-bent
3f826b318.png,Fat Hen
3f92d8039.png,Loose Silky-bent
3fbd0fc6a.png,Small-flowered Cranesbill
3fbf1a417.png,Common Chickweed
4049a6ea6.png,Loose Silky-bent
406162ef9.png,Charlock
406ecb5c5.png,Charlock
410e6f702.png,Common Chickweed
41e07778c.png,Common Chickweed
41f1c3cdb.png,Loose Silky-bent
4287d810c.png,Fat Hen
429211ee6.png,Fat Hen
42e7ed442.png,Charlock
4392d93cf.png,Loose Silky-bent
43ede9de9.png,Small-flowered Cranesbill
444473900.png,Loose Silky-bent
446f7da01.png,Fat Hen
44e8b8833.png,Common Chickweed
456d507c0.png,Small-flowered Cranesbill
466bb6d3b.png,Charlock
46c14fde2.png,Loose Silky-bent
47b7d8e17.png,Small-flowered Cranesbill
47f9e5d91.png,Common Chickweed
48231e475.png,Common Chickweed
4823c3ffa.png,Loose Silky-bent
486e59179.png,Charlock
48d97c645.png,Fat Hen
48ef6a2ff.png,Loose Silky-bent
490c4f9c8.png,Loose Silky-bent
4a337a4a9.png,Common Chickweed
4ac29bbf0.png,Fat Hen
4b032563b.png,Common Chickweed
4b155fb07.png,Charlock
4bbf1f6ea.png,Charlock
4bbfd1e05.png,Common Chickweed
4bcdaa5e2.png,Small-flowered Cranesbill
4c5ab9b68.png,Common Chickweed
4c7838de4.png,Common Chickweed
4c8005bbc.png,Loose Silky-bent
4e1190d78.png,Loose Silky-bent
4e18ab737.png,Fat Hen
4e69d100a.png,Fat Hen
4e9d3765f.png,Charlock
4ea7493d5.png,Common Chickweed
4f44ca525.png,Fat Hen
4f83143e1.png,Charlock
502dff972.png,Common Chickweed
506347cfe.png,Small-flowered Cranesbill
50de8a115.png,Charlock
521b27a17.png,Loose Silky-bent
523e5505c.png,Fat Hen
5296835a0.png,Common Chickweed
52a87abe5.png,Loose Silky-bent
52dc7a4d6.png,Fat Hen
5315c2dca.png,Loose Silky-bent
534e74d83.png,Small-flowered Cranesbill
539961189.png,Loose Silky-bent
53ceb4657.png,Charlock
53e6e9000.png,Loose Silky-bent
54b3afd58.png,Fat Hen
54c8bb900.png,Small-flowered Cranesbill
550a8b7e6.png,Common Chickweed
55251925f.png,Fat Hen
558aa7deb.png,Loose Silky-bent
55920f07f.png,Charlock
55a852f40.png,Common Chickweed
55fed435f.png,Charlock
56112b92c.png,Fat Hen
56a01b835.png,Small-flowered Cranesbill
5779fe8b4.png,Loose Silky-bent
5817b766d.png,Common Chickweed
5883b423d.png,Fat Hen
589e643b8.png,Small-flowered Cranesbill
590f5aea6.png,Charlock
592473c83.png,Loose Silky-bent
592cc5b89.png,Loose Silky-bent
59358cd44.png,Common Chickweed
593896f83.png,Fat Hen
599691cd9.png,Common Chickweed
599c82eea.png,Common Chickweed
59b2c6f2b.png,Fat Hen
59c6a9f95.png,Common Chickweed
59e1cea8d.png,Small-flowered Cranesbill
59f62ad1d.png,Loose Silky-bent
5a38ac566.png,Loose Silky-bent
5a6bf96f6.png,Charlock
5af1d74ee.png,Fat Hen
5b3000b9a.png,Charlock
5b3beec58.png,Loose Silky-bent
5b63dcc21.png,Fat Hen
5bbc0a255.png,Fat Hen
5bc6595f6.png,Charlock
5bd71f445.png,Common Chickweed
5bdcfa329.png,Loose Silky-bent
5c3cd7ea2.png,Common Chickweed
5ca0205f9.png,Charlock
5ca2687a4.png,Charlock
5dcad9a53.png,Common Chickweed
5e6a237f2.png,Fat Hen
5eb9c26a6.png,Fat Hen
5ee9d0a5b.png,Loose Silky-bent
5f04aed97.png,Common Chickweed
6049234e6.png,Fat Hen
604dd663f.png,Small-flowered Cranesbill
606647f64.png,Common Chickweed
60ee66ddd.png,Common Chickweed
60f0bc617.png,Charlock
60fea2ef6.png,Fat Hen
615d2b0a9.png,Fat Hen
618de3d7a.png,Small-flowered Cranesbill
61b044411.png,Common Chickweed
61dd2cdc5.png,Fat Hen
632156793.png,Small-flowered Cranesbill
63c07d340.png,Common Chickweed
647689543.png,Loose Silky-bent
64fe8beb9.png,Common Chickweed
653193c1a.png,Loose Silky-bent
65489944f.png,Charlock
659412b1a.png,Loose Silky-bent
65d08b894.png,Fat Hen
65e262a6d.png,Charlock
65e97117e.png,Loose Silky-bent
664194d19.png,Common Chickweed
6680836dd.png,Fat Hen
668c1007c.png,Charlock
66ab0e8d0.png,Small-flowered Cranesbill
675ec1b0b.png,Common Chickweed
67ce3eaa6.png,Small-flowered Cranesbill
67e185673.png,Common Chickweed
686dc7ec8.png,Loose Silky-bent
6908fb540.png,Fat Hen
6982a9d30.png,Common Chickweed
699d3c707.png,Fat Hen
69d1669f8.png,Charlock
6a41bf95b.png,Common Chickweed
6a47821f9.png,Loose Silky-bent
6b721f68e.png,Loose Silky-bent
6b9d6f8c9.png,Fat Hen
6ba4ef411.png,Fat Hen
6bce55e05.png,Charlock
6be169e41.png,Charlock
6c874918c.png,Loose Silky-bent
6d6eb3830.png,Charlock
6da892be6.png,Small-flowered Cranesbill
6db684fff.png,Common Chickweed
6dd095129.png,Small-flowered Cranesbill
6df8e31ea.png,Charlock
6edb96d45.png,Small-flowered Cranesbill
6edc76e7c.png,Small-flowered Cranesbill
711b46fba.png,Small-flowered Cranesbill
71334c634.png,Charlock
71b232519.png,Loose Silky-bent
71e73a8a0.png,Common Chickweed
71f5323c5.png,Loose Silky-bent
721b2c47a.png,Common Chickweed
721be0a4a.png,Loose Silky-bent
728eabae1.png,Charlock
73260a4ee.png,Small-flowered Cranesbill
74068643d.png,Loose Silky-bent
74d810f87.png,Loose Silky-bent
74fd477eb.png,Fat Hen
7506c0c02.png,Common Chickweed
752101fdf.png,Fat Hen
754b1adf8.png,Small-flowered Cranesbill
756dd5070.png,Fat Hen
75cb95e91.png,Small-flowered Cranesbill
7615e52d3.png,Small-flowered Cranesbill
76555b064.png,Loose Silky-bent
7691014a1.png,Charlock
7696badea.png,Loose Silky-bent
76dbd1054.png,Fat Hen
770a265f5.png,Fat Hen
77ccb8b2a.png,Fat Hen
780bd2a2c.png,Loose Silky-bent
780defa2e.png,Common Chickweed
785a73ab8.png,Common Chickweed
78750e0ff.png,Charlock
78b1bf91a.png,Fat Hen
78c5fba1d.png,Fat Hen
79d93bc96.png,Loose Silky-bent
79dafec17.png,Loose Silky-bent
79e5ea8fa.png,Loose Silky-bent
79fba50db.png,Fat Hen
7a38416be.png,Small-flowered Cranesbill
7b21ba6ba.png,Fat Hen
7b52585da.png,Loose Silky-bent
7beb2766f.png,Common Chickweed
7c85b0265.png,Loose Silky-bent
7cabd68cc.png,Loose Silky-bent
7d22abf91.png,Common Chickweed
7d3045fc3.png,Loose Silky-bent
7d4cd07ad.png,Fat Hen
7e9cf1c46.png,Common Chickweed
7f31c7f42.png,Loose Silky-bent
7f46a71db.png,Fat Hen
7f9e9565d.png,Common Chickweed
7fdb7202d.png,Common Chickweed
800a8c17e.png,Loose Silky-bent
808578ed5.png,Charlock
808cf55c6.png,Charlock
809eb0b82.png,Small-flowered Cranesbill
80e299ae9.png,Charlock
8104422bb.png,Fat Hen
8170d33c1.png,Charlock
824f5d4e5.png,Fat Hen
827279bad.png,Common Chickweed
82b5f4d33.png,Small-flowered Cranesbill
8301b0547.png,Charlock
8303b27ed.png,Loose Silky-bent
8311740de.png,Fat Hen
835dc5447.png,Common Chickweed
837ac0270.png,Fat Hen
8455169fe.png,Loose Silky-bent
851c90831.png,Loose Silky-bent
85431c075.png,Loose Silky-bent
855955aaf.png,Common Chickweed
856f2910a.png,Small-flowered Cranesbill
8585f9718.png,Loose Silky-bent
862b8e7a0.png,Fat Hen
86676d627.png,Fat Hen
866be78b0.png,Small-flowered Cranesbill
86c309150.png,Fat Hen
86f08e6d1.png,Fat Hen
87608f7aa.png,Small-flowered Cranesbill
87f627bf9.png,Fat Hen
8874bba69.png,Loose Silky-bent
88ac6df54.png,Loose Silky-bent
88d8a4508.png,Common Chickweed
8916793ce.png,Common Chickweed
892e9d6c6.png,Common Chickweed
897e5a8de.png,Loose Silky-bent
8a30b2de3.png,Loose Silky-bent
8a32d0bfa.png,Common Chickweed
8a4d3a1b1.png,Loose Silky-bent
8a8d6c712.png,Small-flowered Cranesbill
8ab8a958b.png,Fat Hen
8b043093d.png,Common Chickweed
8b27bfd2b.png,Common Chickweed
8b9144917.png,Fat Hen
8bc0261c9.png,Loose Silky-bent
8c98a6e9b.png,Loose Silky-bent
8c9953903.png,Fat Hen
8ca6140ca.png,Loose Silky-bent
8cf2e3e6c.png,Common Chickweed
8cf909eb3.png,Small-flowered Cranesbill
8cfd98117.png,Common Chickweed
8d6991365.png,Loose Silky-bent
8d6acbe9b.png,Fat Hen
8db450ce3.png,Fat Hen
8dbb8e1b9.png,Small-flowered Cranesbill
8e29abce1.png,Common Chickweed
8e2e5604e.png,Fat Hen
8e3ed0a25.png,Common Chickweed
8e4eaeec0.png,Fat Hen
8e6ec1ca6.png,Common Chickweed
8ece6efec.png,Common Chickweed
8f523520c.png,Small-flowered Cranesbill
8faadb6a8.png,Fat Hen
90b595f12.png,Small-flowered Cranesbill
90d119d25.png,Common Chickweed
91e469b4a.png,Small-flowered Cranesbill
92292055d.png,Common Chickweed
93079d970.png,Common Chickweed
9326bda1b.png,Charlock
93d76fd5d.png,Common Chickweed
948cdb277.png,Charlock
9516e56c4.png,Loose Silky-bent
953496deb.png,Fat Hen
958bb9e96.png,Charlock
963544aa0.png,Loose Silky-bent
9643fc5f4.png,Charlock
966ae5ad9.png,Loose Silky-bent
969a851be.png,Common Chickweed
96ecad7a1.png,Fat Hen
96f14d90c.png,Fat Hen
974959ec1.png,Loose Silky-bent
976e4e079.png,Fat Hen
97844bfd5.png,Small-flowered Cranesbill
97b2f0a10.png,Small-flowered Cranesbill
98062cd87.png,Common Chickweed
98d819587.png,Small-flowered Cranesbill
98da6ef4e.png,Common Chickweed
99036c51d.png,Loose Silky-bent
99569b224.png,Loose Silky-bent
995c7ab1e.png,Loose Silky-bent
9a3f20121.png,Loose Silky-bent
9aa5587fe.png,Loose Silky-bent
9b4800b42.png,Small-flowered Cranesbill
9b9911f20.png,Common Chickweed
9baf94467.png,Fat Hen
9c0c5b731.png,Loose Silky-bent
9c32a797e.png,Loose Silky-bent
9c777333d.png,Common Chickweed
9c8b08a24.png,Loose Silky-bent
9cce7328c.png,Loose Silky-bent
9d3cb4745.png,Loose Silky-bent
9d79a1f0c.png,Small-flowered Cranesbill
9df3275da.png,Small-flowered Cranesbill
9fab816f2.png,Loose Silky-bent
a006a475c.png,Common Chickweed
a060c1cf8.png,Charlock
a0b393945.png,Fat Hen
a0f37c726.png,Fat Hen
a169b71e7.png,Charlock
a19c3faca.png,Common Chickweed
a1da8be3c.png,Charlock
a1e0a6c02.png,Small-flowered Cranesbill
a254d71f6.png,Loose Silky-bent
a276c65f7.png,Loose Silky-bent
a2b703e21.png,Small-flowered Cranesbill
a2c89c367.png,Charlock
a2d25b4f3.png,Fat Hen
a35fd6fbb.png,Common Chickweed
a38b8a581.png,Common Chickweed
a3b375b34.png,Loose Silky-bent
a3d0031fd.png,Loose Silky-bent
a4b61a4ea.png,Fat Hen
a544fc46d.png,Common Chickweed
a55d26a4c.png,Common Chickweed
a5db42f7d.png,Charlock
a74bf916d.png,Charlock
a74d475c2.png,Fat Hen
a7bd7cadb.png,Fat Hen
a800caead.png,Loose Silky-bent
a83820a2c.png,Loose Silky-bent
a8388a37f.png,Loose Silky-bent
a85b48a95.png,Common Chickweed
a85fc8c9a.png,Common Chickweed
a890ac088.png,Charlock
a8b431a3e.png,Fat Hen
a8c8a1db0.png,Small-flowered Cranesbill
a8da9c08d.png,Small-flowered Cranesbill
a8de7c1b7.png,Loose Silky-bent
a935ca110.png,Common Chickweed
a93f940d6.png,Common Chickweed
a9d2eab61.png,Loose Silky-bent
aa7d098d1.png,Fat Hen
aad8375e0.png,Small-flowered Cranesbill
aaf4da98f.png,Fat Hen
ab0f67743.png,Loose Silky-bent
ab35453cb.png,Common Chickweed
abc331628.png,Loose Silky-bent
abf8b0772.png,Common Chickweed
ac3193f78.png,Fat Hen
ac75d3326.png,Loose Silky-bent
acdb75e00.png,Loose Silky-bent
ace8761dd.png,Common Chickweed
ad12382d4.png,Loose Silky-bent
adb7a032c.png,Loose Silky-bent
ae90f2827.png,Fat Hen
aecfaed64.png,Small-flowered Cranesbill
aee6fa3df.png,Loose Silky-bent
af45e222a.png,Common Chickweed
afa446484.png,Common Chickweed
afcf6abd5.png,Common Chickweed
b026bf8ca.png,Loose Silky-bent
b03397525.png,Loose Silky-bent
b0acaff4a.png,Loose Silky-bent
b130a0632.png,Small-flowered Cranesbill
b145ba9d4.png,Common Chickweed
b1cd2a91e.png,Small-flowered Cranesbill
b215531dd.png,Small-flowered Cranesbill
b2706e2b3.png,Loose Silky-bent
b29339405.png,Loose Silky-bent
b30ab4659.png,Charlock
b31292706.png,Small-flowered Cranesbill
b341d0aab.png,Fat Hen
b39c71707.png,Charlock
b3d6fdb80.png,Charlock
b3e08b037.png,Small-flowered Cranesbill
b47691c08.png,Common Chickweed
b4c3df835.png,Charlock
b4f7c9214.png,Loose Silky-bent
b573b7a56.png,Loose Silky-bent
b5c7fd009.png,Loose Silky-bent
b62dca166.png,Loose Silky-bent
b687160f5.png,Small-flowered Cranesbill
b6a3f7876.png,Loose Silky-bent
b6f3d8b5d.png,Fat Hen
b7192c70f.png,Loose Silky-bent
b7a7f6390.png,Loose Silky-bent
b7ad92859.png,Charlock
b828443ff.png,Charlock
b9062c1c8.png,Fat Hen
b944a49ca.png,Fat Hen
b98327bf4.png,Common Chickweed
ba3ce6b3e.png,Common Chickweed
bb1c84bbc.png,Loose Silky-bent
bb1d1bfd3.png,Charlock
bb20fce02.png,Common Chickweed
bb64660b7.png,Fat Hen
bb7621cb3.png,Loose Silky-bent
bd72d4d8a.png,Common Chickweed
bd789d151.png,Charlock
bdde957ec.png,Small-flowered Cranesbill
be2499cf4.png,Loose Silky-bent
be341dbdc.png,Loose Silky-bent
bea23d9f8.png,Small-flowered Cranesbill
bebcaab66.png,Fat Hen
beebe5f4e.png,Common Chickweed
bf3924a57.png,Fat Hen
bf66b9cd2.png,Charlock
bfab3e3d0.png,Fat Hen
bffc08672.png,Common Chickweed
c0461776c.png,Common Chickweed
c069fc3fa.png,Fat Hen
c06e7c748.png,Common Chickweed
c0bc3997b.png,Common Chickweed
c0d9e170b.png,Common Chickweed
c0f5d9ac8.png,Fat Hen
c10ccbd82.png,Common Chickweed
c10db7ae2.png,Charlock
c1ecff98b.png,Loose Silky-bent
c26ccf73c.png,Fat Hen
c2de6020a.png,Fat Hen
c35efa095.png,Common Chickweed
c4ed8ed38.png,Charlock
c50335991.png,Loose Silky-bent
c5078bac5.png,Loose Silky-bent
c5e419015.png,Common Chickweed
c5e88cd42.png,Common Chickweed
c60e91e07.png,Loose Silky-bent
c63da993b.png,Fat Hen
c64370a72.png,Loose Silky-bent
c6b76307d.png,Small-flowered Cranesbill
c6c8d4ba0.png,Loose Silky-bent
c7051c902.png,Fat Hen
c74c5b7fc.png,Charlock
c75a82234.png,Common Chickweed
c7ae30f3a.png,Common Chickweed
c7b07431e.png,Fat Hen
c7eb96871.png,Fat Hen
c832e4302.png,Fat Hen
c85ef220d.png,Fat Hen
c88ebfb47.png,Small-flowered Cranesbill
c8f50f0c3.png,Loose Silky-bent
caa2fbd79.png,Common Chickweed
cadab6616.png,Small-flowered Cranesbill
cae684f8f.png,Charlock
cb496f36e.png,Loose Silky-bent
cb76a7766.png,Loose Silky-bent
cbba27d89.png,Charlock
cbe761896.png,Charlock
cc3d2a59a.png,Fat Hen
cc74feadc.png,Loose Silky-bent
cd5f0db1c.png,Small-flowered Cranesbill
cd6adba97.png,Small-flowered Cranesbill
ce15eee52.png,Small-flowered Cranesbill
ce3d280eb.png,Loose Silky-bent
ce42adffb.png,Loose Silky-bent
cec5bf198.png,Common Chickweed
cf3a8b2fd.png,Loose Silky-bent
cf46d09c5.png,Fat Hen
cf90fc52d.png,Charlock
cfb18d262.png,Common Chickweed
cfd8165e9.png,Charlock
d0152bd7c.png,Loose Silky-bent
d01873fdd.png,Loose Silky-bent
d09275360.png,Common Chickweed
d09d24c58.png,Loose Silky-bent
d0cdc768f.png,Loose Silky-bent
d102e1a15.png,Charlock
d14aa43f3.png,Common Chickweed
d17f48d3b.png,Common Chickweed
d2f0f326e.png,Fat Hen
d2f422ccb.png,Fat Hen
d2fd9df40.png,Loose Silky-bent
d3331e071.png,Fat Hen
d350a25fa.png,Small-flowered Cranesbill
d41d87796.png,Fat Hen
d488a4fe1.png,Loose Silky-bent
d515398fd.png,Loose Silky-bent
d563be369.png,Loose Silky-bent
d5f7dd60a.png,Fat Hen
d668409ff.png,Loose Silky-bent
d689256be.png,Common Chickweed
d6c8c3c48.png,Common Chickweed
d6d31dcbe.png,Fat Hen
d6d80a321.png,Fat Hen
d7017f701.png,Loose Silky-bent
d84d37a61.png,Fat Hen
d89db156f.png,Fat Hen
d8f4923f8.png,Fat Hen
d93c7ab6d.png,Loose Silky-bent
d9c50616e.png,Fat Hen
da231c97f.png,Common Chickweed
da4ed3a28.png,Charlock
da5255450.png,Loose Silky-bent
da713c465.png,Loose Silky-bent
da9ef7858.png,Charlock
dabe3e5be.png,Small-flowered Cranesbill
dabea05f4.png,Loose Silky-bent
dc4cd56a3.png,Loose Silky-bent
dc55449b2.png,Fat Hen
dcd7ff249.png,Fat Hen
dce2f6612.png,Fat Hen
dd5ec63d9.png,Fat Hen
dd9f36df7.png,Common Chickweed
de0b79659.png,Common Chickweed
df11d56a7.png,Common Chickweed
df521c0c0.png,Loose Silky-bent
df7cb5f87.png,Common Chickweed
dfb1d9012.png,Fat Hen
e0ec5b6a1.png,Fat Hen
e14afa235.png,Loose Silky-bent
e15472085.png,Common Chickweed
e15fce4f2.png,Common Chickweed
e1809cef2.png,Fat Hen
e19673dc9.png,Small-flowered Cranesbill
e19ad6ac9.png,Small-flowered Cranesbill
e1a0e3202.png,Loose Silky-bent
e1abb4ff9.png,Fat Hen
e3f50adfc.png,Fat Hen
e471f1d3a.png,Charlock
e478c452c.png,Common Chickweed
e4a76885b.png,Charlock
e4d5ec761.png,Loose Silky-bent
e5064f6be.png,Fat Hen
e52493d0b.png,Fat Hen
e5297b675.png,Loose Silky-bent
e5368474f.png,Common Chickweed
e5881dd33.png,Fat Hen
e5e3dccff.png,Loose Silky-bent
e6f1211a2.png,Fat Hen
e7077322d.png,Common Chickweed
e721c6ac8.png,Loose Silky-bent
e73e308be.png,Loose Silky-bent
e783f5a4f.png,Loose Silky-bent
e80a259c5.png,Common Chickweed
e82017baa.png,Loose Silky-bent
e84464f5a.png,Charlock
e88bf0db9.png,Common Chickweed
e901b0f28.png,Fat Hen
e921021a8.png,Fat Hen
e96e57a90.png,Small-flowered Cranesbill
e98e5d1d5.png,Fat Hen
e9cd91682.png,Common Chickweed
e9d48d664.png,Small-flowered Cranesbill
eaf0815e2.png,Common Chickweed
ec08a5d56.png,Small-flowered Cranesbill
ede6b84b4.png,Charlock
edfdb4aeb.png,Common Chickweed
eec1079a1.png,Charlock
eef131644.png,Loose Silky-bent
ef02b4ee7.png,Fat Hen
ef3e232ad.png,Fat Hen
ef65533d5.png,Loose Silky-bent
ef74dbcad.png,Common Chickweed
ef7a5651d.png,Fat Hen
ef9676433.png,Charlock
efe19dc32.png,Small-flowered Cranesbill
f0ffa00bd.png,Fat Hen
f1e87cba7.png,Loose Silky-bent
f1f7c833f.png,Charlock
f23faf9c1.png,Loose Silky-bent
f25996db8.png,Common Chickweed
f2dc546ca.png,Small-flowered Cranesbill
f33e9d918.png,Common Chickweed
f351ce097.png,Loose Silky-bent
f3fcfff1b.png,Charlock
f4021df6c.png,Common Chickweed
f4234cf4f.png,Loose Silky-bent
f445fe6fb.png,Charlock
f48916a8c.png,Fat Hen
f4ad9d950.png,Fat Hen
f4caf74f9.png,Charlock
f4e7733d4.png,Fat Hen
f593c9cf0.png,Fat Hen
f66ae4070.png,Charlock
f6d250856.png,Common Chickweed
f8318faf1.png,Common Chickweed
f85ed9b6d.png,Small-flowered Cranesbill
f9b6bfb00.png,Common Chickweed
f9ea23fb5.png,Fat Hen
f9f35cbd4.png,Fat Hen
fa5fd1384.png,Small-flowered Cranesbill
fa9f3a8f9.png,Small-flowered Cranesbill
fadc6adbc.png,Charlock
fb022edf9.png,Loose Silky-bent
fba8fc78a.png,Loose Silky-bent
fbf88b6be.png,Small-flowered Cranesbill
fc3e58836.png,Common Chickweed
fc6f686fb.png,Fat Hen
fd253a74e.png,Common Chickweed
fd87b36ae.png,Loose Silky-bent
fd925f542.png,Fat Hen
fda0b5c38.png,Loose Silky-bent
fda39e16f.png,Loose Silky-bent
fdea6b119.png,Loose Silky-bent
fe29629fb.png,Loose Silky-bent
fe9e87b78.png,Common Chickweed
fea1d13d6.png,Charlock
fea355851.png,Loose Silky-bent
fea3da57c.png,Fat Hen
fef2ade8c.png,Fat Hen
ff65bc002.png,Charlock
ffc6f8527.png,Loose Silky-bent
