file,species
0021e90e4.png,Small-flowered Cranesbill
003d61042.png,Common wheat
007b3da8b.png,Small-flowered Cranesbill
0086a6340.png,Common Chickweed
00c47e980.png,Sugar beet
00d090cde.png,Common wheat
00ef713a8.png,Common Chickweed
01291174f.png,Common wheat
026716f9b.png,Common wheat
02cfeb38d.png,Common wheat
03566743d.png,Charlock
03a2ee656.png,Small-flowered Cranesbill
03e322a29.png,Sugar beet
03ef36742.png,Sugar beet
043449b0b.png,Sugar beet
0437393b1.png,Common wheat
04814f36d.png,Charlock
05341a8a6.png,Sugar beet
060450d79.png,Common Chickweed
060f1dc84.png,Fat Hen
0625f063b.png,Sugar beet
063363305.png,Fat Hen
06d12f6fa.png,Charlock
071cb3ece.png,Common wheat
0751c0bbc.png,Common Chickweed
07e62f903.png,Charlock
085974290.png,Scentless Mayweed
0885e7690.png,Charlock
089ad62a7.png,Charlock
08d591441.png,Sugar beet
0911d3dee.png,Common Chickweed
099b961ec.png,Charlock
0a64e3e6c.png,Common wheat
0ad9e7dfb.png,Charlock
0ae6668fa.png,Common wheat
0bf7bfb05.png,Common wheat
0c27cf05f.png,Loose Silky-bent
0c4199daa.png,Common wheat
0c45ace27.png,Common Chickweed
0c51bf229.png,Charlock
0c5f6c493.png,Charlock
0caeda5df.png,Common wheat
0d117d910.png,Charlock
0d31e6602.png,Fat Hen
0dba99002.png,Sugar beet
0e8492cb1.png,Charlock
0ebf8f2f4.png,Charlock
0ee4ad224.png,Charlock
0f6cbe5e8.png,Charlock
0fb233ad6.png,Small-flowered Cranesbill
115f93ecc.png,Common wheat
116b136de.png,Common Chickweed
1191ba346.png,Small-flowered Cranesbill
11d3f68ff.png,Common wheat
122913909.png,Charlock
12625488b.png,Common wheat
126a71ce0.png,Charlock
1312065a5.png,Small-flowered Cranesbill
1364b297a.png,Charlock
1376f3b63.png,Common wheat
13b9fa92d.png,Common Chickweed
1459e96a0.png,Common wheat
148bbda66.png,Charlock
14bb43eee.png,Common wheat
1541bdb2e.png,Charlock
1623fb9e1.png,Common wheat
16357b436.png,Common wheat
16467a950.png,Common wheat
165681fd9.png,Small-flowered Cranesbill
1694a70e4.png,Charlock
16fd2e01a.png,Fat Hen
172f9b10b.png,Common Chickweed
17529c555.png,Charlock
1758a1baf.png,Sugar beet
177d7e2a4.png,Common Chickweed
17a78fb44.png,Common wheat
17d5e5ac4.png,Common wheat
1821eb11a.png,Charlock
187668bde.png,Common wheat
1926e82fd.png,Common wheat
19618ad6a.png,Common wheat
19b51843a.png,Common Chickweed
19e58cc5e.png,Sugar beet
19fdf19fb.png,Common wheat
1b490196c.png,Charlock
1b6a6494d.png,Sugar beet
1be0713da.png,Charlock
1bf9b94a6.png,Scentless Mayweed
1c52ea820.png,Sugar beet
1c680883c.png,Common wheat
1cfd91582.png,Charlock
1d0cbd819.png,Loose Silky-bent
1d321253f.png,Small-flowered Cranesbill
1d48b7564.png,Common wheat
1d56351b2.png,Charlock
1dc7c45df.png,Common wheat
1e095a7e1.png,Small-flowered Cranesbill
1f290e016.png,Charlock
1f3f44563.png,Charlock
1f5e5554e.png,Fat Hen
1fefb54b7.png,Sugar beet
205df1df3.png,Sugar beet
20817c846.png,Common Chickweed
20e562fd5.png,Sugar beet
20ea96bcc.png,Common wheat
20f983a71.png,Fat Hen
2126dc71b.png,Sugar beet
219fd68d5.png,Charlock
223e4af09.png,Sugar beet
22e79540f.png,Fat Hen
22fbf13d6.png,Common wheat
239bdf640.png,Fat Hen
23bc8ec4f.png,Sugar beet
23e480e64.png,Charlock
2406d6c99.png,Charlock
241e6935a.png,Common wheat
248436078.png,Small-flowered Cranesbill
24a058589.png,Charlock
24c94a6ca.png,Common Chickweed
24d36c52c.png,Sugar beet
24d78df74.png,Common Chickweed
24dbc3b21.png,Common Chickweed
258b1183c.png,Charlock
25a4c427e.png,Common wheat
25cf6eb73.png,Charlock
25fa8d109.png,Common wheat
26852751a.png,Charlock
2693e5c65.png,Charlock
26e7ae885.png,Small-flowered Cranesbill
270b939cf.png,Common Chickweed
279df95f2.png,Sugar beet
288564c76.png,Sugar beet
29bab7cad.png,Sugar beet
29ce426a1.png,Charlock
29f49cd0b.png,Common wheat
2a5064f19.png,Common wheat
2a667e099.png,Common wheat
2b55a2da2.png,Charlock
2bd74d2da.png,Common wheat
2d5058a59.png,Sugar beet
2d992d1fb.png,Common wheat
2d9c798f9.png,Small-flowered Cranesbill
2dd5cfba9.png,Charlock
2df78338c.png,Sugar beet
2e86f1085.png,Small-flowered Cranesbill
2ea664465.png,Sugar beet
2f0004a7f.png,Common wheat
2f246d688.png,Small-flowered Cranesbill
2ff5cb348.png,Common Chickweed
30ad31220.png,Fat Hen
3185294c8.png,Sugar beet
31f3dd81f.png,Common wheat
31fcdc161.png,Charlock
3281183f9.png,Sugar beet
32a8c8a1d.png,Common wheat
32b42c120.png,Sugar beet
32c86784b.png,Common Chickweed
33317fc2a.png,Small-flowered Cranesbill
33448fe39.png,Common wheat
33748968f.png,Charlock
338c7e907.png,Charlock
34dd57ca9.png,Common wheat
3526b05cc.png,Sugar beet
35a90f8d0.png,Common Chickweed
35cf9fa01.png,Charlock
35ebe165c.png,Loose Silky-bent
36839d5e9.png,Common Chickweed
36d62bf36.png,Common wheat
36ed4f215.png,Charlock
37297a64c.png,Charlock
37714071b.png,Charlock
377283a21.png,Charlock
37c3108d6.png,Charlock
37e545a60.png,Common Chickweed
3827436f3.png,Common Chickweed
38c054379.png,Small-flowered Cranesbill
391dcd7fd.png,Black-grass
39858776a.png,Small-flowered Cranesbill
39b740f7e.png,Common wheat
39c8fde99.png,Common wheat
39d569be4.png,Common wheat
3a909ead8.png,Fat Hen
3abb502fb.png,Common wheat
3b73c3b61.png,Common wheat
3bbef3ecb.png,Sugar beet
3d38a87bc.png,Loose Silky-bent
3d65168c2.png,Common Chickweed
3d67c434b.png,Charlock
3da774107.png,Common wheat
3dd52bd2a.png,Small-flowered Cranesbill
3e9f41817.png,Sugar beet
3ebbe9ca4.png,Charlock
3eda9cbb6.png,Common Chickweed
3edf5e9ef.png,Loose Silky-bent
3eebd36c6.png,Charlock
3efa1f66c.png,Common wheat
3f64c2c1b.png,Common wheat
3f826b318.png,Common Chickweed
3f92d8039.png,Sugar beet
3fbd0fc6a.png,Charlock
3fbf1a417.png,Sugar beet
4049a6ea6.png,Common wheat
406162ef9.png,Charlock
406ecb5c5.png,Fat Hen
410e6f702.png,Small-flowered Cranesbill
41e07778c.png,Fat Hen
41f1c3cdb.png,Sugar beet
4287d810c.png,Common Chickweed
429211ee6.png,Common wheat
42e7ed442.png,Charlock
4392d93cf.png,Common wheat
43ede9de9.png,Charlock
444473900.png,Common wheat
446f7da01.png,Common wheat
44e8b8833.png,Small-flowered Cranesbill
456d507c0.png,Fat Hen
466bb6d3b.png,Charlock
46c14fde2.png,Common wheat
47b7d8e17.png,Fat Hen
47f9e5d91.png,Common Chickweed
48231e475.png,Common Chickweed
4823c3ffa.png,Common wheat
486e59179.png,Charlock
48d97c645.png,Sugar beet
48ef6a2ff.png,Common wheat
490c4f9c8.png,Common wheat
4a337a4a9.png,Small-flowered Cranesbill
4ac29bbf0.png,Common Chickweed
4b032563b.png,Charlock
4b155fb07.png,Charlock
4bbf1f6ea.png,Charlock
4bbfd1e05.png,Small-flowered Cranesbill
4bcdaa5e2.png,Fat Hen
4c5ab9b68.png,Fat Hen
4c7838de4.png,Charlock
4c8005bbc.png,Common wheat
4e1190d78.png,Common wheat
4e18ab737.png,Common wheat
4e69d100a.png,Small-flowered Cranesbill
4e9d3765f.png,Charlock
4ea7493d5.png,Fat Hen
4f44ca525.png,Common Chickweed
4f83143e1.png,Charlock
502dff972.png,Fat Hen
506347cfe.png,Charlock
50de8a115.png,Charlock
521b27a17.png,Common wheat
523e5505c.png,Small-flowered Cranesbill
5296835a0.png,Fat Hen
52a87abe5.png,Common wheat
52dc7a4d6.png,Common Chickweed
5315c2dca.png,Common wheat
534e74d83.png,Charlock
539961189.png,Common Chickweed
53ceb4657.png,Charlock
53e6e9000.png,Common wheat
54b3afd58.png,Small-flowered Cranesbill
54c8bb900.png,Charlock
550a8b7e6.png,Fat Hen
55251925f.png,Sugar beet
558aa7deb.png,Common wheat
55920f07f.png,Charlock
55a852f40.png,Sugar beet
55fed435f.png,Charlock
56112b92c.png,Small-flowered Cranesbill
56a01b835.png,Small-flowered Cranesbill
5779fe8b4.png,Common wheat
5817b766d.png,Charlock
5883b423d.png,Sugar beet
589e643b8.png,Charlock
590f5aea6.png,Charlock
592473c83.png,Common wheat
592cc5b89.png,Common wheat
59358cd44.png,Small-flowered Cranesbill
593896f83.png,Common Chickweed
599691cd9.png,Fat Hen
599c82eea.png,Sugar beet
59b2c6f2b.png,Sugar beet
59c6a9f95.png,Small-flowered Cranesbill
59e1cea8d.png,Fat Hen
59f62ad1d.png,Common wheat
5a38ac566.png,Common wheat
5a6bf96f6.png,Charlock
5af1d74ee.png,Common wheat
5b3000b9a.png,Charlock
5b3beec58.png,Common wheat
5b63dcc21.png,Common Chickweed
5bbc0a255.png,Common Chickweed
5bc6595f6.png,Maize
5bd71f445.png,Sugar beet
5bdcfa329.png,Common wheat
5c3cd7ea2.png,Common Chickweed
5ca0205f9.png,Charlock
5ca2687a4.png,Charlock
5dcad9a53.png,Fat Hen
5e6a237f2.png,Sugar beet
5eb9c26a6.png,Loose Silky-bent
5ee9d0a5b.png,Common wheat
5f04aed97.png,Fat Hen
6049234e6.png,Common wheat
604dd663f.png,Charlock
606647f64.png,Charlock
60ee66ddd.png,Common wheat
60f0bc617.png,Small-flowered Cranesbill
60fea2ef6.png,Common wheat
615d2b0a9.png,Common Chickweed
618de3d7a.png,Charlock
61b044411.png,Black-grass
61dd2cdc5.png,Common wheat
632156793.png,Charlock
63c07d340.png,Common Chickweed
647689543.png,Common wheat
64fe8beb9.png,Sugar beet
653193c1a.png,Common wheat
65489944f.png,Shepherds Purse
659412b1a.png,Common wheat
65d08b894.png,Common Chickweed
65e262a6d.png,Charlock
65e97117e.png,Common wheat
664194d19.png,Sugar beet
6680836dd.png,Sugar beet
668c1007c.png,Maize
66ab0e8d0.png,Charlock
675ec1b0b.png,Fat Hen
67ce3eaa6.png,Small-flowered Cranesbill
67e185673.png,Fat Hen
686dc7ec8.png,Common wheat
6908fb540.png,Common Chickweed
6982a9d30.png,Small-flowered Cranesbill
699d3c707.png,Common wheat
69d1669f8.png,Charlock
6a41bf95b.png,Common Chickweed
6a47821f9.png,Common wheat
6b721f68e.png,Common wheat
6b9d6f8c9.png,Sugar beet
6ba4ef411.png,Small-flowered Cranesbill
6bce55e05.png,Charlock
6be169e41.png,Charlock
6c874918c.png,Common wheat
6d6eb3830.png,Charlock
6da892be6.png,Fat Hen
6db684fff.png,Sugar beet
6dd095129.png,Charlock
6df8e31ea.png,Charlock
6edb96d45.png,Sugar beet
6edc76e7c.png,Fat Hen
711b46fba.png,Sugar beet
71334c634.png,Charlock
71b232519.png,Common wheat
71e73a8a0.png,Sugar beet
71f5323c5.png,Common wheat
721b2c47a.png,Small-flowered Cranesbill
721be0a4a.png,Common wheat
728eabae1.png,Charlock
73260a4ee.png,Sugar beet
74068643d.png,Common wheat
74d810f87.png,Common wheat
74fd477eb.png,Sugar beet
7506c0c02.png,Charlock
752101fdf.png,Small-flowered Cranesbill
754b1adf8.png,Fat Hen
756dd5070.png,Sugar beet
75cb95e91.png,Charlock
7615e52d3.png,Small-flowered Cranesbill
76555b064.png,Common wheat
7691014a1.png,Fat Hen
7696badea.png,Common wheat
76dbd1054.png,Loose Silky-bent
770a265f5.png,Sugar beet
77ccb8b2a.png,Small-flowered Cranesbill
780bd2a2c.png,Sugar beet
780defa2e.png,Charlock
785a73ab8.png,Sugar beet
78750e0ff.png,Charlock
78b1bf91a.png,Sugar beet
78c5fba1d.png,Common wheat
79d93bc96.png,Sugar beet
79dafec17.png,Common wheat
79e5ea8fa.png,Black-grass
79fba50db.png,Common Chickweed
7a38416be.png,Charlock
7b21ba6ba.png,Common wheat
7b52585da.png,Loose Silky-bent
7beb2766f.png,Charlock
7c85b0265.png,Common wheat
7cabd68cc.png,Common wheat
7d22abf91.png,Common Chickweed
7d3045fc3.png,Sugar beet
7d4cd07ad.png,Common Chickweed
7e9cf1c46.png,Charlock
7f31c7f42.png,Common wheat
7f46a71db.png,Common Chickweed
7f9e9565d.png,Charlock
7fdb7202d.png,Common wheat
800a8c17e.png,Common wheat
808578ed5.png,Charlock
808cf55c6.png,Charlock
809eb0b82.png,Fat Hen
80e299ae9.png,Charlock
8104422bb.png,Common Chickweed
8170d33c1.png,Charlock
824f5d4e5.png,Common wheat
827279bad.png,Common Chickweed
82b5f4d33.png,Sugar beet
8301b0547.png,Charlock
8303b27ed.png,Common wheat
8311740de.png,Small-flowered Cranesbill
835dc5447.png,Fat Hen
837ac0270.png,Sugar beet
8455169fe.png,Common wheat
851c90831.png,Common wheat
85431c075.png,Common wheat
855955aaf.png,Fat Hen
856f2910a.png,Small-flowered Cranesbill
8585f9718.png,Common wheat
862b8e7a0.png,Sugar beet
86676d627.png,Common wheat
866be78b0.png,Charlock
86c309150.png,Common wheat
86f08e6d1.png,Common wheat
87608f7aa.png,Charlock
87f627bf9.png,Sugar beet
8874bba69.png,Common wheat
88ac6df54.png,Common wheat
88d8a4508.png,Common Chickweed
8916793ce.png,Fat Hen
892e9d6c6.png,Scentless Mayweed
897e5a8de.png,Common wheat
8a30b2de3.png,Sugar beet
8a32d0bfa.png,Fat Hen
8a4d3a1b1.png,Common wheat
8a8d6c712.png,Fat Hen
8ab8a958b.png,Loose Silky-bent
8b043093d.png,Fat Hen
8b27bfd2b.png,Small-flowered Cranesbill
8b9144917.png,Small-flowered Cranesbill
8bc0261c9.png,Common wheat
8c98a6e9b.png,Common wheat
8c9953903.png,Small-flowered Cranesbill
8ca6140ca.png,Common wheat
8cf2e3e6c.png,Scentless Mayweed
8cf909eb3.png,Charlock
8cfd98117.png,Loose Silky-bent
8d6991365.png,Common wheat
8d6acbe9b.png,Common Chickweed
8db450ce3.png,Sugar beet
8dbb8e1b9.png,Charlock
8e29abce1.png,Common Chickweed
8e2e5604e.png,Sugar beet
8e3ed0a25.png,Fat Hen
8e4eaeec0.png,Sugar beet
8e6ec1ca6.png,Fat Hen
8ece6efec.png,Fat Hen
8f523520c.png,Charlock
8faadb6a8.png,Small-flowered Cranesbill
90b595f12.png,Charlock
90d119d25.png,Loose Silky-bent
91e469b4a.png,Charlock
92292055d.png,Charlock
93079d970.png,Charlock
9326bda1b.png,Charlock
93d76fd5d.png,Fat Hen
948cdb277.png,Charlock
9516e56c4.png,Common wheat
953496deb.png,Small-flowered Cranesbill
958bb9e96.png,Charlock
963544aa0.png,Common wheat
9643fc5f4.png,Charlock
966ae5ad9.png,Common wheat
969a851be.png,Common Chickweed
96ecad7a1.png,Fat Hen
96f14d90c.png,Small-flowered Cranesbill
974959ec1.png,Common wheat
976e4e079.png,Common Chickweed
97844bfd5.png,Small-flowered Cranesbill
97b2f0a10.png,Fat Hen
98062cd87.png,Sugar beet
98d819587.png,Charlock
98da6ef4e.png,Scentless Mayweed
99036c51d.png,Common wheat
99569b224.png,Common wheat
995c7ab1e.png,Common wheat
9a3f20121.png,Common wheat
9aa5587fe.png,Common wheat
9b4800b42.png,Charlock
9b9911f20.png,Small-flowered Cranesbill
9baf94467.png,Small-flowered Cranesbill
9c0c5b731.png,Common wheat
9c32a797e.png,Common wheat
9c777333d.png,Charlock
9c8b08a24.png,Common wheat
9cce7328c.png,Common wheat
9d3cb4745.png,Common wheat
9d79a1f0c.png,Fat Hen
9df3275da.png,Fat Hen
9fab816f2.png,Small-flowered Cranesbill
a006a475c.png,Charlock
a060c1cf8.png,Charlock
a0b393945.png,Common wheat
a0f37c726.png,Fat Hen
a169b71e7.png,Charlock
a19c3faca.png,Sugar beet
a1da8be3c.png,Charlock
a1e0a6c02.png,Fat Hen
a254d71f6.png,Common wheat
a276c65f7.png,Common wheat
a2b703e21.png,Small-flowered Cranesbill
a2c89c367.png,Fat Hen
a2d25b4f3.png,Sugar beet
a35fd6fbb.png,Charlock
a38b8a581.png,Fat Hen
a3b375b34.png,Common wheat
a3d0031fd.png,Common wheat
a4b61a4ea.png,Loose Silky-bent
a544fc46d.png,Charlock
a55d26a4c.png,Charlock
a5db42f7d.png,Charlock
a74bf916d.png,Charlock
a74d475c2.png,Common Chickweed
a7bd7cadb.png,Common wheat
a800caead.png,Sugar beet
a83820a2c.png,Sugar beet
a8388a37f.png,Common wheat
a85b48a95.png,Charlock
a85fc8c9a.png,Fat Hen
a890ac088.png,Charlock
a8b431a3e.png,Common Chickweed
a8c8a1db0.png,Charlock
a8da9c08d.png,Charlock
a8de7c1b7.png,Common wheat
a935ca110.png,Common wheat
a93f940d6.png,Charlock
a9d2eab61.png,Common wheat
aa7d098d1.png,Sugar beet
aad8375e0.png,Charlock
aaf4da98f.png,Fat Hen
ab0f67743.png,Common wheat
ab35453cb.png,Small-flowered Cranesbill
abc331628.png,Common wheat
abf8b0772.png,Sugar beet
ac3193f78.png,Common Chickweed
ac75d3326.png,Common wheat
acdb75e00.png,Common wheat
ace8761dd.png,Charlock
ad12382d4.png,Common wheat
adb7a032c.png,Common wheat
ae90f2827.png,Sugar beet
aecfaed64.png,Charlock
aee6fa3df.png,Common wheat
af45e222a.png,Charlock
afa446484.png,Sugar beet
afcf6abd5.png,Fat Hen
b026bf8ca.png,Common wheat
b03397525.png,Common wheat
b0acaff4a.png,Common wheat
b130a0632.png,Small-flowered Cranesbill
b145ba9d4.png,Common Chickweed
b1cd2a91e.png,Charlock
b215531dd.png,Charlock
b2706e2b3.png,Common wheat
b29339405.png,Common wheat
b30ab4659.png,Charlock
b31292706.png,Charlock
b341d0aab.png,Sugar beet
b39c71707.png,Charlock
b3d6fdb80.png,Charlock
b3e08b037.png,Charlock
b47691c08.png,Sugar beet
b4c3df835.png,Charlock
b4f7c9214.png,Sugar beet
b573b7a56.png,Common wheat
b5c7fd009.png,Common wheat
b62dca166.png,Common wheat
b687160f5.png,Fat Hen
b6a3f7876.png,Common wheat
b6f3d8b5d.png,Sugar beet
b7192c70f.png,Common wheat
b7a7f6390.png,Common wheat
b7ad92859.png,Small-flowered Cranesbill
b828443ff.png,Charlock
b9062c1c8.png,Small-flowered Cranesbill
b944a49ca.png,Common wheat
b98327bf4.png,Charlock
ba3ce6b3e.png,Sugar beet
bb1c84bbc.png,Common wheat
bb1d1bfd3.png,Charlock
bb20fce02.png,Charlock
bb64660b7.png,Sugar beet
bb7621cb3.png,Common wheat
bd72d4d8a.png,Scentless Mayweed
bd789d151.png,Charlock
bdde957ec.png,Charlock
be2499cf4.png,Common wheat
be341dbdc.png,Common wheat
bea23d9f8.png,Charlock
bebcaab66.png,Sugar beet
beebe5f4e.png,Sugar beet
bf3924a57.png,Common Chickweed
bf66b9cd2.png,Charlock
bfab3e3d0.png,Common Chickweed
bffc08672.png,Charlock
c0461776c.png,Sugar beet
c069fc3fa.png,Common wheat
c06e7c748.png,Sugar beet
c0bc3997b.png,Common Chickweed
c0d9e170b.png,Fat Hen
c0f5d9ac8.png,Small-flowered Cranesbill
c10ccbd82.png,Sugar beet
c10db7ae2.png,Charlock
c1ecff98b.png,Common wheat
c26ccf73c.png,Common Chickweed
c2de6020a.png,Small-flowered Cranesbill
c35efa095.png,Loose Silky-bent
c4ed8ed38.png,Charlock
c50335991.png,Black-grass
c5078bac5.png,Common wheat
c5e419015.png,Charlock
c5e88cd42.png,Common Chickweed
c60e91e07.png,Black-grass
c63da993b.png,Sugar beet
c64370a72.png,Sugar beet
c6b76307d.png,Fat Hen
c6c8d4ba0.png,Common wheat
c7051c902.png,Common Chickweed
c74c5b7fc.png,Charlock
c75a82234.png,Sugar beet
c7ae30f3a.png,Sugar beet
c7b07431e.png,Sugar beet
c7eb96871.png,Common Chickweed
c832e4302.png,Common wheat
c85ef220d.png,Sugar beet
c88ebfb47.png,Small-flowered Cranesbill
c8f50f0c3.png,Common wheat
caa2fbd79.png,Charlock
cadab6616.png,Small-flowered Cranesbill
cae684f8f.png,Charlock
cb496f36e.png,Common wheat
cb76a7766.png,Common wheat
cbba27d89.png,Charlock
cbe761896.png,Charlock
cc3d2a59a.png,Common wheat
cc74feadc.png,Common wheat
cd5f0db1c.png,Small-flowered Cranesbill
cd6adba97.png,Fat Hen
ce15eee52.png,Charlock
ce3d280eb.png,Sugar beet
ce42adffb.png,Common wheat
cec5bf198.png,Scentless Mayweed
cf3a8b2fd.png,Common wheat
cf46d09c5.png,Common Chickweed
cf90fc52d.png,Charlock
cfb18d262.png,Charlock
cfd8165e9.png,Charlock
d0152bd7c.png,Small-flowered Cranesbill
d01873fdd.png,Common wheat
d09275360.png,Common Chickweed
d09d24c58.png,Common wheat
d0cdc768f.png,Common wheat
d102e1a15.png,Charlock
d14aa43f3.png,Small-flowered Cranesbill
d17f48d3b.png,Charlock
d2f0f326e.png,Loose Silky-bent
d2f422ccb.png,Sugar beet
d2fd9df40.png,Common wheat
d3331e071.png,Loose Silky-bent
d350a25fa.png,Charlock
d41d87796.png,Sugar beet
d488a4fe1.png,Common wheat
d515398fd.png,Common wheat
d563be369.png,Sugar beet
d5f7dd60a.png,Sugar beet
d668409ff.png,Common wheat
d689256be.png,Sugar beet
d6c8c3c48.png,Fat Hen
d6d31dcbe.png,Black-grass
d6d80a321.png,Sugar beet
d7017f701.png,Small-flowered Cranesbill
d84d37a61.png,Sugar beet
d89db156f.png,Sugar beet
d8f4923f8.png,Common Chickweed
d93c7ab6d.png,Common wheat
d9c50616e.png,Small-flowered Cranesbill
da231c97f.png,Charlock
da4ed3a28.png,Charlock
da5255450.png,Sugar beet
da713c465.png,Common wheat
da9ef7858.png,Charlock
dabe3e5be.png,Small-flowered Cranesbill
dabea05f4.png,Common wheat
dc4cd56a3.png,Common wheat
dc55449b2.png,Common wheat
dcd7ff249.png,Common wheat
dce2f6612.png,Sugar beet
dd5ec63d9.png,Sugar beet
dd9f36df7.png,Fat Hen
de0b79659.png,Fat Hen
df11d56a7.png,Common Chickweed
df521c0c0.png,Common wheat
df7cb5f87.png,Sugar beet
dfb1d9012.png,Common wheat
e0ec5b6a1.png,Common Chickweed
e14afa235.png,Common wheat
e15472085.png,Common Chickweed
e15fce4f2.png,Common Chickweed
e1809cef2.png,Common wheat
e19673dc9.png,Charlock
e19ad6ac9.png,Charlock
e1a0e3202.png,Black-grass
e1abb4ff9.png,Sugar beet
e3f50adfc.png,Common wheat
e471f1d3a.png,Charlock
e478c452c.png,Sugar beet
e4a76885b.png,Charlock
e4d5ec761.png,Common wheat
e5064f6be.png,Sugar beet
e52493d0b.png,Common wheat
e5297b675.png,Common wheat
e5368474f.png,Sugar beet
e5881dd33.png,Small-flowered Cranesbill
e5e3dccff.png,Common wheat
e6f1211a2.png,Sugar beet
e7077322d.png,Common Chickweed
e721c6ac8.png,Common wheat
e73e308be.png,Common wheat
e783f5a4f.png,Sugar beet
e80a259c5.png,Small-flowered Cranesbill
e82017baa.png,Black-grass
e84464f5a.png,Small-flowered Cranesbill
e88bf0db9.png,Small-flowered Cranesbill
e901b0f28.png,Common wheat
e921021a8.png,Small-flowered Cranesbill
e96e57a90.png,Charlock
e98e5d1d5.png,Loose Silky-bent
e9cd91682.png,Common Chickweed
e9d48d664.png,Small-flowered Cranesbill
eaf0815e2.png,Fat Hen
ec08a5d56.png,Fat Hen
ede6b84b4.png,Charlock
edfdb4aeb.png,Common Chickweed
eec1079a1.png,Charlock
eef131644.png,Common wheat
ef02b4ee7.png,Sugar beet
ef3e232ad.png,Common Chickweed
ef65533d5.png,Common wheat
ef74dbcad.png,Charlock
ef7a5651d.png,Common Chickweed
ef9676433.png,Charlock
efe19dc32.png,Charlock
f0ffa00bd.png,Common Chickweed
f1e87cba7.png,Common wheat
f1f7c833f.png,Charlock
f23faf9c1.png,Black-grass
f25996db8.png,Fat Hen
f2dc546ca.png,Small-flowered Cranesbill
f33e9d918.png,Common Chickweed
f351ce097.png,Common wheat
f3fcfff1b.png,Charlock
f4021df6c.png,Fat Hen
f4234cf4f.png,Common wheat
f445fe6fb.png,Charlock
f48916a8c.png,Common Chickweed
f4ad9d950.png,Sugar beet
f4caf74f9.png,Charlock
f4e7733d4.png,Fat Hen
f593c9cf0.png,Common Chickweed
f66ae4070.png,Charlock
f6d250856.png,Sugar beet
f8318faf1.png,Charlock
f85ed9b6d.png,Charlock
f9b6bfb00.png,Charlock
f9ea23fb5.png,Common wheat
f9f35cbd4.png,Sugar beet
fa5fd1384.png,Charlock
fa9f3a8f9.png,Small-flowered Cranesbill
fadc6adbc.png,Charlock
fb022edf9.png,Common wheat
fba8fc78a.png,Common wheat
fbf88b6be.png,Charlock
fc3e58836.png,Charlock
fc6f686fb.png,Small-flowered Cranesbill
fd253a74e.png,Fat Hen
fd87b36ae.png,Sugar beet
fd925f542.png,Common Chickweed
fda0b5c38.png,Common wheat
fda39e16f.png,Common wheat
fdea6b119.png,Common wheat
fe29629fb.png,Sugar beet
fe9e87b78.png,Charlock
fea1d13d6.png,Charlock
fea355851.png,Common wheat
fea3da57c.png,Common Chickweed
fef2ade8c.png,Sugar beet
ff65bc002.png,Charlock
ffc6f8527.png,Common wheat
